3.373394924901480518e-01,-3.250296744724176179e+00
4.266914324594677788e-01,-3.592095160448057989e+00
7.759439941893584436e-01,-3.619679228844203234e+00
4.949809526796352666e-01,-2.600984289043698272e+00
7.308464550751654354e-01,-3.546350160408999752e+00
5.797500601586518254e-01,-3.624749830390090910e+00
3.223684854207454209e-01,-3.401751860050702625e+00
6.964907149115644458e-01,-3.503263684788307852e+00
1.369072137275364476e+00,-3.527085460806542283e+00
6.596693140025388091e-01,-3.265032681616117038e+00
2.182329025485140184e-01,-3.753951352241597039e+00
6.784785251558892449e-01,-3.270368514537240756e+00
-3.807635997883229706e-02,-3.322264144715166623e+00
6.641500382561503768e-01,-3.522477001576389988e+00
1.199709590388431835e+00,-2.657476295736032057e+00
7.436445479704322237e-01,-2.971057979401916072e+00
1.037748634280326154e+00,-3.168062783317432629e+00
4.390039735118117514e-01,-3.222232489885004547e+00
9.045729878103359045e-01,-2.832762588894638167e+00
8.383987764048742575e-01,-3.494665364249038841e+00
2.088647846894394755e-01,-3.712867876081592300e+00
4.477308669684709752e-01,-3.595984153917184400e+00
5.019372550971391567e-01,-3.058135549222048777e+00
9.250662784695146135e-01,-3.326881048881586977e+00
3.863416341072304361e-01,-3.538870442535900107e+00
7.967571244682537523e-01,-3.530594850536492135e+00
3.456797904278391398e-01,-3.974035908163886077e+00
4.923341590024357117e-01,-2.721503594174404572e+00
7.917946739834526015e-01,-3.606562923851710512e+00
3.402865188327681700e-01,-3.724792341244103966e+00
7.347516218326362036e-01,-3.135448896460068191e+00
6.299724753578903602e-01,-3.569941134796920768e+00
7.905481190329572971e-01,-3.769219922709137194e+00
8.977833899152525277e-01,-3.860506863196691008e+00
3.272172772205877433e-01,-3.380254530775960387e+00
3.101914878970419287e-01,-3.536014497454508465e+00
7.981182418152723557e-01,-3.381235406538369848e+00
1.264004710838769974e+00,-3.562252461264659775e+00
9.619562260715104340e-01,-3.302419803470088677e+00
1.083872672212417232e+00,-3.572280426558277711e+00
6.756393264594738879e-01,-3.052665498067574479e+00
9.430498622036540546e-01,-3.519024095541491093e+00
1.416322782523306900e+00,-3.317452154598298897e+00
7.627303714813405966e-01,-3.540054719609760703e+00
4.428920242311050193e-01,-3.893152764433295054e+00
3.815658178496406649e-01,-3.472228910943980562e+00
5.767193120363847125e-01,-3.070915998080335108e+00
9.056295640810785308e-02,-3.482458172265237017e+00
7.878528927043924046e-01,-3.154067107925056401e+00
8.930735995688211526e-01,-3.298584361644083529e+00
7.414619704580823756e-01,-3.861294037496035614e+00
4.481084389746953223e-01,-3.590182412663617040e+00
8.940684066502169181e-01,-2.991151946738921374e+00
1.213939011958556247e+00,-3.786872049453426925e+00
9.681928699751771727e-01,-4.029475888802450889e+00
7.018509765958775848e-01,-3.286910642622531853e+00
9.760774877979575548e-01,-2.931110357662332966e+00
5.277049188230321652e-01,-3.716035607065812929e+00
3.233163443753208077e-01,-3.756523482004263670e+00
1.186814492948486288e+00,-2.650061141111039298e+00
9.841277058128875543e-01,-3.302023457583671995e+00
8.660498080697875967e-01,-3.054308124249705436e+00
9.554633715307390140e-01,-3.475248940181861368e+00
4.310706718292958706e-01,-3.601002280949286760e+00
8.848064897999472489e-01,-3.671371639829470457e+00
5.398316484924227110e-01,-3.261900060277966418e+00
6.739264721910520617e-01,-3.355002078541535315e+00
1.291101302385822880e+00,-3.406826092212752677e+00
7.888895565779872054e-01,-3.800615075946750743e+00
1.723569442224973658e-01,-3.207249051856540856e+00
1.280380546134731068e+00,-3.328595823286315980e+00
9.700305507895661261e-01,-3.846204028600176628e+00
7.035012656370253081e-01,-3.329243462921737340e+00
9.365291907697125273e-01,-3.469854686087402218e+00
8.016374529321155240e-01,-3.723087711373497921e+00
5.577680441535517453e-01,-3.695836530621270377e+00
8.894980074589768915e-01,-3.326198019641476211e+00
4.696465919205898287e-01,-3.350601132741467314e+00
1.001784083483958865e+00,-3.371422105488815379e+00
1.059170542722439601e+00,-3.174382605080501740e+00
7.940384236021683639e-01,-3.697930155185287671e+00
7.502030950825353539e-01,-3.657995330712876303e+00
1.088699359378881848e+00,-3.747484754999206746e+00
5.226096800634847384e-01,-3.174133091327141720e+00
2.522321591163610432e-01,-2.727167897863013390e+00
6.206510379540343125e-01,-3.534890647689906462e+00
9.875417922094291701e-01,-3.470462256312786931e+00
8.587318792925340283e-01,-3.429429910301751594e+00
1.017243221657046615e+00,-3.802547413212928440e+00
8.891215571331954060e-01,-3.743185805560869106e+00
4.905483770117929354e-01,-3.422078823208283715e+00
2.717099630736776184e-01,-3.365714807807915765e+00
6.630104362676666474e-01,-3.347385189754215951e+00
7.301936845484985339e-01,-3.701976216443515266e+00
7.581979550493390674e-01,-3.604060730524393463e+00
9.592636189408877412e-01,-3.499803172063671752e+00
9.870499570362649688e-01,-3.730991242645144812e+00
5.178794247851769006e-01,-3.217887621526528186e+00
8.190930801222751079e-01,-2.929370042228773841e+00
5.812755836454824854e-01,-3.203246229735704720e+00
-1.724343983875569863e+00,3.225070240544432032e+00
-1.316346337128292410e+00,3.446100967337860421e+00
-1.837694598930666556e+00,3.015458730577080360e+00
-1.346009851231869447e+00,2.851957399207667887e+00
-1.650322253975702091e+00,3.760964540932110189e+00
-1.680007937958430286e+00,3.570875366662688677e+00
-1.596108249008725277e+00,3.645244099836945306e+00
-1.897243277411861495e+00,3.398652599310725275e+00
-1.931373868675348993e+00,3.418057931146468054e+00
-2.011570706403815301e+00,3.448028176362410768e+00
-1.605130402970267323e+00,3.007407250481555661e+00
-1.561596938635331222e+00,3.560406094315647252e+00
-1.945799094670318974e+00,3.336791722719667064e+00
-1.416691352942264004e+00,3.630747045698661246e+00
-1.518002823744417196e+00,3.608726657276555727e+00
-1.685322941305581690e+00,2.763029615160983887e+00
-1.908884158456505276e+00,3.218158084310616118e+00
-1.283051533962283441e+00,3.432505435176219866e+00
-1.275652652426505052e+00,3.486018545307168370e+00
-1.634492038217701726e+00,3.614374323320818760e+00
-1.628817300670893475e+00,3.588984145188681030e+00
-1.610177521064083850e+00,3.422418949410777067e+00
-1.773992506409776349e+00,3.250400227831528710e+00
-1.173632230543663946e+00,3.470899796221674549e+00
-1.491525632010811009e+00,3.167729642461811324e+00
-1.417738617562416259e+00,3.094247687904220445e+00
-1.255303391012357661e+00,3.645164570991670239e+00
-1.792051383326076275e+00,3.216004361251005417e+00
-1.580749731821555537e+00,3.403537382032422176e+00
-1.702771335923417784e+00,3.129545215839148131e+00
-1.127954538429221776e+00,3.398926856115986439e+00
-1.422259030810258729e+00,3.392589951935727210e+00
-2.197138319325495637e+00,3.776821980222958341e+00
-1.175017918295891528e+00,3.253184507770224165e+00
-1.615920854522493899e+00,3.241012675800917009e+00
-1.642330328742963141e+00,3.273359470252375836e+00
-1.605524365155646782e+00,3.612080516314081891e+00
-1.289689751597212108e+00,2.883155683512251599e+00
-1.062085029513795575e+00,2.885479846611120003e+00
-1.443298981336575082e+00,3.186018710452644953e+00
-1.967996102925641644e+00,2.920750687475672791e+00
-1.673147922415425093e+00,3.820710469841754442e+00
-1.456669042672162018e+00,3.542346307348759105e+00
-1.967177896842327911e+00,3.536410588216642115e+00
-1.826550323763854067e+00,2.930305402982819718e+00
-1.786232530716866052e+00,3.439355515771898020e+00
-1.531307062812589770e+00,3.848456498759705191e+00
-1.729346749448873233e+00,3.604529488644973245e+00
-1.423258285628246078e+00,3.564192706460975302e+00
-1.370312461380276181e+00,3.237418664738086704e+00
-1.363466532449914226e+00,3.538706642918369560e+00
-1.472992851201260667e+00,3.298585298110525255e+00
-1.851467487338372742e+00,3.563509297510465412e+00
-1.363883311790842878e+00,3.273979827458711078e+00
-1.948496688353810624e+00,3.229088098127800066e+00
-1.653387342245757674e+00,3.339010140031084539e+00
-1.496323342731860295e+00,3.902681737841611653e+00
-1.682814543412289199e+00,3.244161248854556590e+00
-1.523744809146173829e+00,3.405874104975886496e+00
-1.718900912302912865e+00,3.294349399902778863e+00
-1.185671955189151916e+00,3.818987717357816614e+00
-1.288256510901802043e+00,3.113158824381049072e+00
-1.446504179858139505e+00,3.401355240320806050e+00
-1.088287265353300892e+00,3.966638421909345791e+00
-1.677810644276882535e+00,3.427885921629793220e+00
-1.870394260541912823e+00,3.631482975052554796e+00
-2.171773986647445920e+00,3.267615433632528710e+00
-1.792318036513862456e+00,3.408168592938852548e+00
-1.504165198858972818e+00,3.251553316344228506e+00
-2.450914035544696112e+00,3.395523398359750811e+00
-1.233049530418043105e+00,3.310950318688302474e+00
-1.876679008265516924e+00,3.115439986907283298e+00
-1.566192110527870440e+00,3.197888650565514634e+00
-1.417871949258449504e+00,3.498143006424574430e+00
-1.635633500472868374e+00,3.468051967185349138e+00
-1.509748421321430945e+00,3.199900360513137532e+00
-1.414084750862488082e+00,3.155461554260409862e+00
-1.779175713415072524e+00,3.382518117573350747e+00
-2.043838819513446925e+00,3.008466136197759599e+00
-2.027012824853179573e+00,3.928316473020204924e+00
-1.619153730051054341e+00,3.408112122160056767e+00
-1.471723358034989326e+00,3.477052913164795811e+00
-1.747639595691805381e+00,2.805774793949023405e+00
-1.304173380374098468e+00,3.444921791870958483e+00
-1.822024056699505623e+00,3.061387349937590763e+00
-2.094982153177004314e+00,3.568603465034859479e+00
-1.307832527542149847e+00,2.887190399722100231e+00
-1.503590585972362836e+00,3.208355775741841054e+00
-1.487330204450941329e+00,2.960036385992245833e+00
-1.114060290592139513e+00,3.683638471487280963e+00
-1.844929453299205324e+00,3.481986927694621148e+00
-1.733582884725907602e+00,2.994131604010147552e+00
-1.593294315788980953e+00,3.251805097233155362e+00
-1.427349262348777348e+00,3.820313288825444076e+00
-1.359948740695706260e+00,3.376900332535262894e+00
-1.912399962196988046e+00,3.141858256958423024e+00
-1.353926622618105924e+00,2.772660179438076522e+00
-1.231304231784866809e+00,3.509459526258046580e+00
-1.574428090440700423e+00,3.061128373208767073e+00
-1.481644825877086458e+00,3.247938912842700976e+00
-2.636585156424511744e+00,-1.327450126668502595e+00
-2.732116092583219746e+00,-1.218260197254575461e+00
-2.641021462838164080e+00,-9.563336738675755067e-01
-2.887889705895133829e+00,-7.491699019777642299e-01
-2.642198374471918854e+00,-1.022530628184287638e+00
-2.433330964666143181e+00,-9.529110634507751421e-01
-2.707214394244209732e+00,-1.027767185289897522e+00
-2.976061024257318444e+00,-1.002127180562697450e+00
-2.857789339202222223e+00,-5.711974482706780876e-01
-3.110054228592595393e+00,-1.182007473389588670e+00
-2.776498039498292769e+00,-1.021309559439113945e+00
-2.376384228269563970e+00,-1.014667349315140354e+00
-2.656454133883825008e+00,-1.383083950805415352e+00
-2.771685683443732895e+00,-8.426440558453929253e-01
-2.881220816286517383e+00,-7.345582119824812795e-01
-2.920948118058884990e+00,-1.134927888269397389e+00
-2.937094078314691270e+00,-8.064860774850474145e-01
-2.581571548405357408e+00,-9.544132311595077134e-01
-2.874929642376462091e+00,-1.032836429986773830e+00
-2.274601016586832447e+00,-1.039620721359710398e+00
-3.166449190572112826e+00,-6.668980390169627626e-01
-2.565310190136995239e+00,-1.165772796318950588e+00
-2.912383258443278056e+00,-1.255915882281166684e+00
-2.266927843284493260e+00,-1.227395281935581339e+00
-2.428677775851457721e+00,-1.036917008163450893e+00
-2.752455806243874203e+00,-1.057702085554824922e+00
-2.755197626618531181e+00,-1.107200982846059834e+00
-2.782801947799115716e+00,-7.280903455760965315e-01
-2.433891850197834827e+00,-9.162130838077464645e-01
-2.753434183260430324e+00,-7.988812774236118130e-01
-2.829439534083613150e+00,-1.166133916571255202e+00
-2.966673749216581779e+00,-9.508037137552869389e-01
-2.641856574257561707e+00,-8.730938145137794315e-01
-3.075099919032047602e+00,-7.157024650259380394e-01
-2.599311785876850411e+00,-1.112358438344713596e+00
-2.161395917163641212e+00,-8.887514909829373755e-01
-2.786674073044856037e+00,-8.251011116405353452e-01
-2.587428080213936443e+00,-8.589093158508023240e-01
-2.769860422499543340e+00,-7.969657132345097095e-01
-2.860855883292153123e+00,-1.035350749731408282e+00
-2.697442289652324021e+00,-6.422054617037986635e-01
-2.590748643790779848e+00,-1.204814617588679360e+00
-2.163094843814553858e+00,-1.009675635102952773e+00
-2.620876068180965746e+00,-1.020117057501493729e+00
-2.783064244446792568e+00,-1.115816677772352827e+00
-2.440306967802384541e+00,-9.751574228731789695e-01
-2.311871768272290684e+00,-1.327608840331696349e+00
-3.052600997860001719e+00,-1.192624802664987049e+00
-2.737073103932766927e+00,-1.282007914337218946e+00
-2.603569872370468552e+00,-1.185937772663262058e+00
-2.714670389492034097e+00,-1.300532043791499781e+00
-3.080384015039314693e+00,-1.647545941189340724e+00
-2.418592280479213485e+00,-1.495415838724649671e+00
-2.833803499040437934e+00,-1.073160584199373879e+00
-2.081494930607511673e+00,-1.254316386777317271e+00
-2.524136815994067362e+00,-8.941785770992600746e-01
-3.534278776674447897e+00,-6.308288019714819450e-01
-2.699139568228365427e+00,-9.270694111599877552e-01
-2.746197965815802000e+00,-6.289932334916519263e-01
-3.219467272574085825e+00,-9.853633673627851808e-01
-2.694810654398066330e+00,-4.189869293261230254e-01
-2.902263770793711117e+00,-7.432168661715158331e-01
-2.876629435181391692e+00,-1.045493789307236909e+00
-2.424549213153841087e+00,-1.219514165957530372e+00
-3.100101498849894721e+00,-1.156228214596170867e+00
-2.668449674100803026e+00,-1.246111002827318570e+00
-3.122868699198567022e+00,-1.157956234991661004e+00
-2.988688879799678233e+00,-9.721309211110044091e-01
-2.545716030936946872e+00,-1.351209246677916420e+00
-2.732165301437221583e+00,-1.023503582970583636e+00
-3.098900824657540909e+00,-7.655184543587298940e-01
-2.745485178783758862e+00,-1.033249258607143117e+00
-2.819943217624177656e+00,-6.422402275097502944e-01
-2.948118066382531044e+00,-1.070742209792509891e+00
-2.671237910954098904e+00,-1.125922372433008078e+00
-2.419164691000020184e+00,-1.064359404631669559e+00
-2.242320825900895542e+00,-5.009085020085193296e-01
-3.058672170661544509e+00,-8.154716692852368443e-01
-2.783486657817507481e+00,-1.305344564524565376e+00
-2.986195291271302121e+00,-1.263011060790860007e+00
-2.660744452107983271e+00,-9.137152332849763914e-01
-2.638371987348017811e+00,-1.357562137538357749e+00
-2.189680438193052137e+00,-1.174825149627482190e+00
-2.685454060206662330e+00,-5.742810431578015962e-01
-2.749119808169775858e+00,-1.136296145427255100e+00
-2.211979276464710598e+00,-1.202228075954297593e+00
-2.567738087902381672e+00,-7.785784882144677344e-01
-2.351419832389389342e+00,-1.066270558496423826e+00
-2.740391411290058254e+00,-8.825459468717666844e-01
-2.502744359500549187e+00,-1.042584766075785652e+00
-2.786294776085985969e+00,-3.009848276312618864e-01
-2.215108281069411156e+00,-7.639815197061375907e-01
-2.825596079641962355e+00,-1.022405643063514447e+00
-2.452111349573542043e+00,-1.222228584455639755e+00
-2.775102148873086261e+00,-7.194307024681049212e-01
-2.506171881953993541e+00,-1.243495147324536365e+00
-2.862657238128067494e+00,-6.017143881899513769e-01
-2.531599523565755128e+00,-3.778648568795771601e-01
-2.981252713061681270e+00,-6.339192102613220303e-01
-2.622894407794800209e+00,-1.292673281925668993e+00
3.741991068792868802e+00,3.577923232045517654e+00
3.238879522390536891e+00,2.731310788492384400e+00
3.633662704672821153e+00,3.170415456606157978e+00
3.763694740952650886e+00,2.784031391507373332e+00
3.557622759165741666e+00,2.865690525473616468e+00
3.403005520918866988e+00,3.162935879983434617e+00
2.924559347068997450e+00,3.042993604872936242e+00
3.846576447479720606e+00,3.696154214089903967e+00
3.317143251469252263e+00,3.014192591324890369e+00
3.408634801986823337e+00,3.796046679083525444e+00
3.162255885252516663e+00,3.240796264422407535e+00
3.612158423043680067e+00,3.042444054692926780e+00
3.792213114532502427e+00,2.854920840424669759e+00
3.637886517015942900e+00,3.092996333234695694e+00
3.803005735410385668e+00,3.603375409631164317e+00
3.263467945488049970e+00,3.615694160903984766e+00
3.617832219291242879e+00,3.166909252352334114e+00
3.442718392883827860e+00,3.680934616390962866e+00
3.332801378407091342e+00,3.071572805736463518e+00
3.576171075605257599e+00,2.947330453019022301e+00
3.515353981977705988e+00,2.753191481021779907e+00
3.881632351055211316e+00,2.735836852606929437e+00
3.574265414997623402e+00,3.237185982516043836e+00
3.473515056424637315e+00,3.332759182074999327e+00
3.569949162372612506e+00,2.996358367344318374e+00
3.232730323448834042e+00,3.201810700428695089e+00
3.633601080113588289e+00,3.358359751433244611e+00
3.224484736188515832e+00,3.054145758319041448e+00
3.744615582880327587e+00,3.311859321552453661e+00
3.250188076574713758e+00,2.696565195328217701e+00
3.476738551491666662e+00,3.313221918625441909e+00
3.252729178076956273e+00,2.946698465554252522e+00
4.016867933672671143e+00,3.309519626135636994e+00
3.984785594170855205e+00,2.825593119292443944e+00
4.082324034258492773e+00,3.387352790517397239e+00
3.457447335706870017e+00,3.113819715028701918e+00
3.245600780247157591e+00,3.124934750407251105e+00
3.364629590472908216e+00,2.951902458757628356e+00
3.082645551675592177e+00,3.003815529356848479e+00
3.948810375841215414e+00,3.405118266601653509e+00
3.105170194704355957e+00,3.026210083146909202e+00
3.960637032930179657e+00,3.050078697950704854e+00
3.412335345333398440e+00,3.033137939769879221e+00
3.280945211979807929e+00,3.078078992571642747e+00
3.956618997280421546e+00,2.885068930849190139e+00
3.559900068032387566e+00,3.275204277759990124e+00
3.784178630178201885e+00,3.051089770150466229e+00
4.081302038509100782e+00,2.859492879140579369e+00
3.896615210016648234e+00,2.864350363015933265e+00
3.431743805404690928e+00,2.802744543332574167e+00
3.588669769939525356e+00,3.016721953402863310e+00
3.757341911773586229e+00,3.132093353887464016e+00
3.490945806043449284e+00,3.080640728757860991e+00
3.450588509872754450e+00,3.067498293791197206e+00
3.690865232513166116e+00,3.278405461442384983e+00
3.292214289543901717e+00,3.233736118517785751e+00
3.613528481564959094e+00,2.819072845757099266e+00
3.133731134754111025e+00,3.248709908172081828e+00
3.735969855458819655e+00,3.463924038665445071e+00
3.445053032199849152e+00,3.055846412946624291e+00
3.687256060291395077e+00,2.955900499922424096e+00
3.941774337942360873e+00,2.783210463057131268e+00
3.812711110644246837e+00,3.435977426513450617e+00
3.712916161264013581e+00,3.500382450052133887e+00
3.795723353505127129e+00,3.440361481351882134e+00
3.548810857320975121e+00,2.763519230836403384e+00
3.988448081096513054e+00,2.454442939523093337e+00
3.379068978348370500e+00,3.518098675266006836e+00
3.320954655020214474e+00,3.027061691038304581e+00
3.916748941605843193e+00,3.169598789539863848e+00
3.455292890720783827e+00,3.127354473414258429e+00
3.976230114750473277e+00,3.000127316678501188e+00
4.088627478421360095e+00,2.908425766041685900e+00
3.651949834345956880e+00,3.126703982642382584e+00
3.367107315662848155e+00,2.637792654900658285e+00
3.971551839111539639e+00,3.218280897268257945e+00
3.578843917917092554e+00,3.008202493606374706e+00
3.113326042516290748e+00,3.468755378279533730e+00
3.904673571289324130e+00,2.570883885918442857e+00
3.213434385053306919e+00,2.524799450028162529e+00
3.406762229995067059e+00,2.806419313366877333e+00
3.627099437656577940e+00,3.447514793421090573e+00
3.562450401384484877e+00,2.830224446330543486e+00
3.206351194208087563e+00,3.006315228472097534e+00
3.128366749543914249e+00,3.116588997058228117e+00
3.821686303159826714e+00,3.072240098983550993e+00
3.295028892171367296e+00,2.602215363413705518e+00
3.437521425594337376e+00,3.045659312135821306e+00
3.365957249918301919e+00,2.968885242192188301e+00
3.564859615339624810e+00,2.786138298276675584e+00
3.481590210851870815e+00,2.778519121315316198e+00
3.696277784674122380e+00,3.016648542062095206e+00
3.462926044299401873e+00,2.856549703762987225e+00
4.138791231224576705e+00,3.437854789078888196e+00
3.560741611879807866e+00,3.389708877353904359e+00
3.476625515159001978e+00,2.922315792873629192e+00
3.915411047095742170e+00,3.104979762801630017e+00
3.469675774382054989e+00,3.305272708470793575e+00
3.615777640523438308e+00,3.166006964140547719e+00
3.327623650326495763e+00,2.774692147663214925e+00
4.376010571939966676e-01,-3.132460355008103381e+00
4.421073275354940879e-01,-2.991973313184074001e+00
6.849281065272611047e-01,-3.636842141890119340e+00
9.939568454029934497e-02,-3.521357696585702080e+00
5.875066039692022901e-01,-3.458410165990127183e+00
6.630774447116938308e-01,-3.378802792108374309e+00
7.084156098195903972e-01,-3.159137683912951022e+00
2.983236557284272283e-01,-3.445807399074638955e+00
1.023733910125141922e+00,-3.321769201741138655e+00
7.370399698332793514e-01,-2.951961611657927698e+00
-1.200390077072196471e-01,-3.197779051646934434e+00
8.818613659540991412e-01,-3.485528779607779182e+00
1.026622383883439849e+00,-3.092332293359109752e+00
3.167257668538249193e-01,-3.040294073235707106e+00
5.756050376463741625e-01,-3.108330067542112829e+00
9.897243050891804117e-01,-3.140388499751383566e+00
5.821882463489583825e-01,-3.228546969054534088e+00
6.796966301017295375e-01,-3.085849357513332780e+00
2.904797578603925401e-01,-3.225200263349379259e+00
6.285195031373712604e-01,-3.175030338707984789e+00
3.788119406464791061e-01,-2.654169946478155406e+00
7.174837912035758603e-01,-3.255795814468894989e+00
1.536283105518014280e-01,-2.607796492598807525e+00
7.643544755582545314e-01,-3.412309097548361869e+00
6.358343865396018924e-01,-3.344821881363221561e+00
4.443812091482641780e-01,-2.838003570177852541e+00
1.533750953234920833e-01,-3.505529867263472266e+00
3.452917618250478382e-01,-3.085687473383933010e+00
5.987041659728186138e-01,-3.526901190381376949e+00
2.694471676623265699e-01,-3.308443551045296971e+00
6.216717614433514560e-01,-2.902577997107600449e+00
5.842449513701534203e-01,-3.085367575232388138e+00
5.228735630197831608e-01,-2.802086957105512255e+00
1.138692167406149647e+00,-3.248889713933723833e+00
7.442015794119055672e-01,-3.626032610546396029e+00
6.165915496070087931e-01,-2.891584241182140413e+00
4.617476852487151784e-01,-3.243848677075936493e+00
3.022825146468853807e-01,-3.121945757480121042e+00
4.512882208217833258e-01,-2.874361613152426109e+00
8.052684635605099617e-01,-2.790316217707679236e+00
6.012845956533341418e-01,-2.687714499959120484e+00
7.269820138967392209e-01,-3.012322665610599692e+00
5.302717193558703634e-01,-3.502626881811674142e+00
9.118570175676827816e-01,-2.983915395966414863e+00
-1.733781791361309610e-01,-2.795449703702371114e+00
5.114514081833374526e-01,-3.379074764865857006e+00
2.668836900137805390e-02,-3.119732884247576443e+00
8.453803681254735691e-01,-2.688311756852924006e+00
4.060088580619339860e-01,-2.669620813883719634e+00
7.855880845851421768e-01,-3.544547804601935415e+00
6.775808606782569576e-01,-2.932579813001312097e+00
2.615007446889945353e-01,-3.246047810859738814e+00
4.728896588744755380e-01,-2.756390174315769936e+00
5.075870329242782031e-01,-3.347329510754854187e+00
6.866901473157798197e-01,-2.693678842366046489e+00
1.060045621038320895e+00,-2.869963975066034845e+00
1.079550994894627136e+00,-2.912953173938054974e+00
5.362570852274879396e-01,-3.225435859019324614e+00
7.467649646089037363e-01,-3.579793746935860721e+00
9.446363864281852596e-01,-3.145829414432590454e+00
5.454712053811108241e-01,-3.092030790103994953e+00
4.841262216205372004e-01,-2.948712672542781910e+00
1.742827050149045043e-01,-3.431000428535325497e+00
8.064074915875124594e-01,-2.972332721935670552e+00
4.727174987552751895e-01,-3.076905815725580862e+00
9.076735221998822878e-01,-2.837400475067808348e+00
1.337847392323063822e-01,-2.946443043810459628e+00
3.248417733546230535e-01,-3.400875939004247339e+00
1.019683966950114762e+00,-3.257852675387685082e+00
5.245901409914557334e-01,-2.528150748091300137e+00
3.568513061726513169e-01,-3.004226949387585499e+00
6.585682592569734872e-01,-3.356349830414153246e+00
6.957764964234964822e-01,-2.795491503313497716e+00
6.314392260060047724e-01,-3.061514184302108532e+00
6.027167422322312618e-01,-3.322814758741645669e+00
4.162787190882779043e-01,-2.947202749133350785e+00
2.317146193887359984e-01,-2.718481079378438636e+00
6.195466200267267798e-01,-3.019569546209029287e+00
2.734691025017190191e-01,-3.228577817427690455e+00
7.993817979640069904e-01,-3.293821835952986277e+00
4.357280139996376755e-01,-3.402106962865638629e+00
9.270668222249052182e-01,-3.543838380803439936e+00
2.160651386423795284e-01,-2.664811603176106214e+00
6.279835120363640444e-01,-3.617833861189030831e+00
3.971027224011793311e-01,-3.690520807345443632e+00
9.398192825537825534e-01,-2.697233800757941502e+00
3.549939791108619458e-01,-3.365165962365788577e+00
3.888712886726757301e-01,-3.011642057367577952e+00
4.846359122292643318e-01,-2.491872507259016878e+00
-8.427857462433951952e-02,-2.933637614903969126e+00
4.352016097525414073e-01,-3.303854699247259941e+00
7.868950601401266676e-01,-2.881520201098081824e+00
4.106976348646951269e-01,-2.278654973687734397e+00
7.838188613880638922e-01,-3.403617040119354176e+00
4.610469975376192409e-01,-3.024684554440676187e+00
7.950808906900468376e-01,-2.610021722311938852e+00
6.842534811272468209e-01,-2.891670975608497063e+00
8.313445200651861100e-01,-3.361986999208736115e+00
5.614396924554112545e-01,-3.523167883562896119e+00
9.832938875655294897e-02,-3.057297078421540970e+00
4.018038727430545798e+00,3.101576494477563006e+00
3.563943184058409930e+00,2.367374941048437265e+00
3.718679994436371761e+00,2.847437698558566765e+00
3.702927136151518361e+00,2.990535489734587049e+00
4.021343419222428217e+00,3.036955565940340218e+00
3.623403543159659623e+00,3.726976823448818088e+00
3.880404711551903585e+00,3.237810732667459668e+00
3.833112759102317302e+00,3.357999258728676217e+00
3.991854204138388873e+00,3.858688921281915984e+00
3.806917589967535598e+00,3.226925147358775448e+00
3.561045162367843631e+00,3.282012185366183221e+00
3.773587051045581564e+00,3.225654419486912783e+00
4.337340509311292003e+00,3.076573516855603430e+00
4.222955891990680222e+00,2.938852601782658613e+00
3.703076058512186464e+00,3.431671028042768690e+00
3.454254534545613708e+00,3.616287380114057814e+00
3.644894584086072253e+00,3.029799026655010774e+00
3.972465302542457444e+00,3.362599473958453267e+00
3.875790338725054962e+00,3.001498378647290188e+00
3.684674973191469860e+00,2.562045028091364252e+00
3.711986883512744306e+00,3.287384376080147330e+00
4.116277065679455838e+00,3.293901163529045384e+00
3.737629646479837753e+00,3.360858238028824108e+00
3.704245308728747688e+00,3.428402682127710044e+00
3.976070204990239443e+00,3.571995145410108208e+00
4.069596524761415424e+00,2.897880257295596618e+00
3.972495641572631353e+00,3.327629799151257561e+00
3.656222735430207926e+00,3.759122062300797928e+00
3.739935977291929614e+00,3.449269854439126259e+00
3.863287202670532494e+00,3.385902935318124918e+00
3.672715246854056037e+00,2.810890367583636973e+00
4.030989986713591655e+00,3.686054064520808637e+00
3.906678738855268396e+00,2.887760301702304577e+00
3.940704472707438288e+00,2.917393563607410645e+00
3.902317646812852203e+00,3.216748869798684130e+00
3.741874979233735132e+00,2.785386471463897617e+00
4.515682752160369517e+00,3.437788776934731949e+00
4.062245060034380018e+00,3.019222736939894514e+00
3.747585646022772110e+00,3.682104659879861686e+00
4.138365230248900239e+00,3.385697512019712363e+00
4.437324894939331799e+00,3.575659413280860566e+00
3.983982366627252247e+00,3.149324923646895424e+00
3.797609739705885890e+00,2.855053289125843108e+00
4.160068260048348066e+00,3.525686148003744247e+00
3.801311978198457009e+00,3.355176003467621904e+00
4.049303640063896204e+00,3.276447612514588936e+00
3.911191610357657833e+00,3.146906816960977515e+00
4.281798201668752135e+00,3.278429882314910060e+00
3.847133634158184545e+00,3.330777147402424365e+00
3.630714169361393573e+00,3.632684879016157886e+00
3.781964247228317699e+00,3.301210003144690486e+00
3.775747521735049350e+00,3.279649188394126558e+00
3.780388282381778708e+00,3.179919778565452493e+00
3.805768712441372603e+00,3.530495483006090840e+00
3.892527970147445782e+00,3.182155560155844221e+00
4.149109134660927900e+00,3.236781977632521290e+00
4.204793154139261802e+00,2.969041253052052021e+00
3.907027779695403158e+00,3.186221532871551076e+00
3.724864776605616878e+00,3.294289623958956081e+00
4.002276141822532551e+00,3.164915771829325042e+00
3.996484174190225502e+00,3.176304697998578952e+00
3.453375719449965686e+00,2.890981510813151800e+00
4.259133315860703206e+00,3.313481168581751568e+00
3.771479091211221490e+00,3.476605348395521045e+00
4.108231090537826979e+00,2.895872260914744700e+00
4.259966595817727963e+00,3.466644104547550675e+00
3.929063838156324984e+00,3.797646766329509926e+00
3.689281060196586193e+00,3.267815738356535604e+00
3.814138209925460377e+00,3.046292538158884788e+00
4.182888800397082996e+00,3.582135031394094948e+00
3.608156159541749286e+00,3.315783907358431204e+00
3.589490380394745550e+00,3.019647032295792677e+00
4.147385163845258127e+00,3.252316601752173408e+00
3.530514143180456532e+00,3.354930074957876762e+00
4.285098157245677442e+00,3.006730859667501754e+00
4.126980847602172986e+00,3.729388371006266301e+00
4.163323496539807600e+00,3.091549476268869334e+00
3.714099607197304476e+00,3.726620254578102642e+00
3.621890328046745822e+00,3.082798698026349538e+00
3.748803301648885533e+00,3.271483913147564149e+00
3.767696532678911137e+00,3.370991293211427653e+00
3.650226212096997713e+00,3.510012969651297610e+00
4.086822051568868908e+00,3.027606352870382267e+00
3.543619040186732683e+00,3.212524147169643296e+00
3.604180513230299088e+00,3.675347571484651521e+00
4.187370434943153974e+00,3.169685688279050506e+00
4.393952019062932202e+00,2.926509230793753247e+00
3.728401056039518657e+00,3.210269547213400188e+00
4.474228870974911842e+00,3.307757314672462368e+00
3.978895718833818762e+00,3.256032855320314390e+00
4.338953341748316817e+00,3.121057011347899479e+00
3.165472236634203629e+00,3.170562391085940845e+00
4.010657105284106905e+00,3.087747433368240646e+00
3.587960909958672673e+00,3.044349083079614715e+00
3.661074604168548241e+00,3.625621610844394382e+00
4.382388642232164955e+00,2.938555043611021489e+00
4.044357067713402643e+00,3.667392011932559814e+00
4.054351424197165876e+00,3.011790146360571185e+00
4.119055079197451619e+00,3.166793393341122531e+00
3.766014884281507324e+00,2.927787750893716012e+00
-3.672084975351549430e-01,-2.329088872594681892e+00
-3.214583357200561098e-01,-1.864596151058556472e+00
-7.786561073272464384e-01,-2.286763342471950455e+00
-5.248751813143526235e-01,-2.254857788182537348e+00
-4.225143635943162113e-01,-2.205332305940663318e+00
-1.751581329592159508e-01,-1.718197024662911465e+00
-3.580602795983364173e-01,-2.325678115598123874e+00
-2.997976930953334951e-01,-2.119754953510169848e+00
-6.691642315371837402e-01,-1.802110038056738084e+00
-2.317898952809535618e-01,-2.485922872049636467e+00
-1.107558981532698272e+00,-2.569146909778206034e+00
6.434891760568073327e-02,-2.336594710405849984e+00
-3.159149613281767022e-01,-2.300753985463289020e+00
-4.323201584807547793e-01,-1.802001674569842393e+00
-2.635275136087793513e-01,-1.850411512596542796e+00
-1.895024560734466235e-01,-2.323209665113902478e+00
-4.603063306162995527e-01,-1.589687737325025108e+00
-2.755828314067815255e-01,-2.792412594944074566e+00
-9.555384371565556201e-03,-2.305910811310566633e+00
-3.886147556254968549e-01,-2.283866197109063023e+00
-6.624535457543574424e-01,-2.384981256523722060e+00
-2.972376569025088622e-01,-2.022025871568663202e+00
-8.176919285355461753e-01,-1.895132850035503358e+00
-1.222223354162404463e-01,-2.536688283349043616e+00
-7.263108747191792114e-01,-2.218195854428546721e+00
-4.005218941544270161e-01,-2.635393184029962477e+00
-7.807866026499725720e-01,-1.824304040701284713e+00
-6.537306632014548979e-01,-2.327985024272915648e+00
-6.479434179488223755e-01,-2.028307429210927992e+00
-4.315918018257207667e-01,-2.062178852722994726e+00
-7.074515980687872130e-01,-2.348807927485561109e+00
-4.358646002717624368e-01,-2.175328685429401165e+00
-5.674682801644853614e-02,-2.119796833177242323e+00
-4.346696893639658832e-01,-2.312867763260064713e+00
-8.085461545244627679e-01,-2.222699708806409991e+00
-2.936784775440989259e-01,-2.043964437533603462e+00
-5.189440463585759389e-01,-2.198200541745875203e+00
-4.422119118202609833e-01,-2.600303727731121839e+00
-5.982029824306209775e-01,-2.142175735880685217e+00
-6.121253103628176984e-01,-2.398669376649997353e+00
-9.072576258907902869e-01,-1.969313422490006626e+00
-4.293667650709336869e-01,-2.001843406550559479e+00
-9.889531897483301304e-01,-2.439069516653237901e+00
-8.851768427956825391e-01,-1.963132498859794239e+00
-1.010760860110409221e+00,-2.260587168714649486e+00
-4.882925497464400411e-01,-2.255978324113989686e+00
-3.232702312968477876e-01,-1.956237278313441630e+00
-6.554241790225503461e-01,-2.246547164730759327e+00
-6.126074833979974210e-01,-2.260261849900866871e+00
-5.606596553590982301e-01,-2.113876455667292209e+00
-8.401458860528432382e-01,-2.166418328099312784e+00
-2.568288997481767977e-01,-2.472682711634259345e+00
-3.869266752720902369e-01,-2.538084163589602316e+00
-2.030015573536370632e-01,-2.210708959039738630e+00
-9.071894680893273222e-01,-2.727463379837749446e+00
-1.074066868543921971e-01,-2.133970069961022009e+00
-5.805357362407330690e-01,-2.590011296921275630e+00
-7.293795663346054337e-01,-2.247778291697519748e+00
-5.389608175299731574e-01,-2.036077812727540071e+00
-5.711165250038005015e-01,-1.999473695841686771e+00
-3.659805324114338010e-01,-2.114276761328680365e+00
-7.520360401845627152e-01,-2.261685469414721705e+00
-3.222066698182204370e-01,-2.221531577743904418e+00
-1.292324270652859264e-01,-2.050035905175325190e+00
-7.490331321535577125e-01,-2.090178664952602183e+00
-8.245890921053802280e-01,-2.625628038644414186e+00
-4.186230094089712361e-01,-2.208036059795951633e+00
-6.264745378339617865e-01,-1.838814007830395392e+00
-1.656627597534847118e-01,-2.205904779288422990e+00
-7.221386971748749994e-01,-1.951485783024864640e+00
-1.629235862628858889e-01,-2.239311688825007529e+00
-3.859770941993495574e-01,-2.325139116554379992e+00
-7.184181058632845840e-01,-2.448428854635989360e+00
-4.106535952358806307e-01,-2.284276516391319678e+00
2.693685225130093563e-02,-2.274162825750510653e+00
-5.740081069626942201e-01,-1.980452065945687234e+00
-1.010577754211305024e+00,-2.272576772577522330e+00
-7.671103992753178780e-01,-2.242145059158963782e+00
-2.487577924060053458e-01,-2.382470340984853330e+00
-5.369099983669098908e-01,-2.103899047110563636e+00
-7.737606146055764356e-01,-1.812860570584824638e+00
-1.018882030550234408e+00,-1.657059802051103814e+00
-5.481017008741685403e-01,-2.357927835373813341e+00
-4.180825972173513594e-01,-1.920810290840828438e+00
-9.080795028935156887e-02,-2.595881246867849601e+00
-2.213755180339180839e-01,-2.193971467554636234e+00
-8.635485210530526867e-01,-2.146578220018140470e+00
-4.344815795900044408e-01,-1.940776977151433158e+00
-6.466932246051040334e-01,-2.248488576014964213e+00
-4.363162688802148526e-01,-3.064842681833709559e+00
-3.187998534650639537e-01,-1.985977224890742354e+00
-8.826770977926775563e-01,-2.381512603324678068e+00
5.424785558670119912e-02,-2.102275010148394685e+00
-9.939450676051104772e-01,-2.031587525153685903e+00
-4.924897433064925334e-01,-1.669414978024327922e+00
-3.614489973607555862e-01,-2.054081443999153045e+00
-2.237074538523926570e-01,-1.718722520242583540e+00
-1.599241569988483769e-01,-2.244117791760419589e+00
-2.314773006711903780e-01,-1.654085494573777293e+00
-5.337998065995934738e-01,-1.637077976552762326e+00
-3.712154170746816972e-01,2.413858664216054439e+00
-7.348292112951759769e-01,1.752895936991683001e+00
-4.611534950055638515e-01,1.899871974597172164e+00
-5.967544637642940852e-01,2.575803962373820255e+00
-1.034061690718874882e+00,1.658197382894868621e+00
-5.234805266995732342e-01,1.650086647846520149e+00
-4.541975147713737671e-01,2.096333147980373734e+00
-6.441998616766702046e-01,2.027203643679130529e+00
-1.160442503189749175e+00,1.673554922285046764e+00
-5.747893295077594056e-01,2.215436259303273481e+00
-2.935031567674372677e-01,1.944283187966484583e+00
-5.204578629627752973e-01,1.860970601404670743e+00
-7.385638523121151877e-01,2.223552372515201991e+00
-9.410001119917833501e-01,2.156544052178026138e+00
-6.681070801609915177e-01,1.964734522174932829e+00
-8.073991493419958587e-01,2.172938044205307673e+00
-3.648172504950760731e-01,1.902817912372211540e+00
-6.766246761774867835e-01,2.294482370579238761e+00
-7.930484953846546059e-01,1.812275493153520323e+00
-3.308236273433692309e-01,1.810971135906439766e+00
-2.830171277544974995e-01,2.145521075367893715e+00
-5.075088355725342337e-01,2.009963919259299292e+00
-5.047621157372367273e-01,2.060427406180932230e+00
-2.787360204224494376e-01,1.759920849123244979e+00
-1.789276350689303352e-01,1.737789097623980261e+00
-3.824539602979752928e-01,1.893914742084059633e+00
-4.098368235950891059e-01,1.997977291020843538e+00
-5.472646395209983528e-01,1.866993924472130750e+00
-2.293730967563745171e-01,2.358117931006971535e+00
-8.221185167572442332e-02,2.046114049162249149e+00
-2.219142038188828825e-01,1.547075621259098366e+00
-2.411976588541225319e-01,2.138913302585923493e+00
-1.220507945517752546e-01,1.797252177140242768e+00
-5.359389608305512587e-01,2.207729938432968719e+00
-8.487709579255602321e-01,2.172144932553600416e+00
-2.044859044395058723e-01,2.237822151102357271e+00
-8.061729628667976266e-01,1.874456185758867965e+00
-6.565552161484566884e-01,1.961572677717659197e+00
-8.629249414093873582e-01,1.435469180729635807e+00
-6.009134322320853761e-01,2.196976748181677763e+00
-4.458826101691520938e-01,2.591014782983461551e+00
-5.895049819182913708e-01,2.221362362212781161e+00
-7.278844803665582841e-01,2.386040305918730731e+00
-5.383068225898709480e-01,2.102199975305138580e+00
-1.516861431072824562e-01,2.130201954674294296e+00
-4.903823225998219515e-01,2.562191608733564330e+00
-4.640754694190789009e-01,2.415100328124017093e+00
-8.139864035790965735e-01,1.971417214831350684e+00
-6.327870806778461699e-01,1.832288770155275692e+00
-1.179677577042013592e+00,1.751425185659142736e+00
-3.355665806992139677e-01,2.285499256082728525e+00
-2.458560446503719743e-01,2.094641805653647104e+00
-2.533392853830743752e-01,1.644218204222528845e+00
-5.190129971676756826e-01,1.507926200104174885e+00
-1.164748527446323623e+00,1.789493259204768760e+00
-6.874201551652611153e-01,2.064288747468811192e+00
-2.036615715594943254e-01,1.340597319349328354e+00
-7.958863374445075412e-01,1.824179681765532024e+00
-3.329903912306970692e-01,2.258000164601640325e+00
-5.704699731167747201e-01,2.355377464095349982e+00
-9.118331190973325562e-01,1.788322324572151567e+00
-4.946479112816219437e-01,1.923540183392670411e+00
-4.582231511972314486e-01,1.913536011665756487e+00
-2.574322015495330573e-01,1.776678036189258680e+00
-7.038915073740230621e-01,2.454214119712403885e+00
-5.573262268260805730e-01,1.898866971513449187e+00
-7.037509416478631152e-01,2.272133248670189509e+00
-5.145240428126512944e-02,1.798192318966124192e+00
-2.070595190363400118e-01,1.456988508679346817e+00
-1.185186934478248855e+00,1.899067472236159348e+00
-5.587770679064403279e-01,1.958244456556732960e+00
-6.900626257208484216e-01,1.781603716068633547e+00
-2.000754298412246723e-01,2.011018514071218899e+00
1.865683437938603362e-02,1.758704307430290159e+00
1.982793796835835565e-02,1.750839072836774868e+00
-8.138615146198964201e-01,2.192529263487534408e+00
-4.948618720186589437e-01,1.893823791869670314e+00
-2.840853758603836265e-01,1.474194150559366978e+00
-6.558155165031263056e-01,1.485571660781816350e+00
-3.596763752357801103e-01,2.346520383428732259e+00
-2.415023243291524180e-01,1.778980555218063975e+00
-5.058902840240812049e-01,2.183092576024111331e+00
-3.999026550036609562e-01,2.524709576724876392e+00
-2.560108916245915633e-01,2.294419950959289967e+00
-8.530944639354887116e-01,1.789195524769402246e+00
-9.420261675450838368e-01,2.059696569049107584e+00
-5.125395930581856385e-01,2.018991140919584648e+00
-6.305931635327683971e-01,1.945434536282006910e+00
-4.149564759540321779e-01,2.142379617614154519e+00
-7.474733809318837574e-01,2.235399766362107243e+00
-8.358735303898983116e-01,2.175525135462227144e+00
-4.584176674243090055e-02,2.685405800052723002e+00
-5.551774074194700814e-01,1.950649842393596956e+00
-4.019811374412506355e-01,2.306855938956018370e+00
-5.811618260191794283e-01,2.168914016675072443e+00
-4.004656648526906393e-01,1.954732216929556232e+00
-2.453452239493448261e-01,1.705336289594120425e+00
-6.887175311401206868e-01,1.816328591570772533e+00
-4.744130741922631955e-01,1.653148071563266264e+00
-3.604046511643121953e-01,2.038325920193699403e+00
-3.246237596707823858e+00,3.729826977614781880e-01
-3.669031449546622525e+00,5.993291492237880214e-02
-3.188610943812217435e+00,2.881681711601172258e-02
-3.629263678637261403e+00,-5.010161807847746118e-02
-3.019787719289324990e+00,-1.026926727884039381e-01
-3.441527842070831067e+00,2.199382300237705257e-01
-2.645106074748111880e+00,3.378202479062478725e-01
-3.416663611170255077e+00,2.984264341200869586e-01
-3.285287475198716667e+00,3.438486818340715234e-01
-3.739410557170621985e+00,4.455762931051200360e-01
-3.811911821681561285e+00,-1.040146221019431216e-01
-3.858119301389186351e+00,-1.331161883798962497e-01
-3.588639853641700572e+00,1.433714752499933853e-01
-3.596369708340006355e+00,2.316538918496048316e-01
-3.402221881190184760e+00,2.332035815593675454e-01
-3.536568334120398394e+00,4.791262262273514039e-01
-3.574815140799638247e+00,3.897217793508460648e-01
-3.463107760846371175e+00,2.538734777417957500e-01
-3.253035749321194992e+00,3.441303559778076115e-01
-3.138044201897762342e+00,2.157354896607051042e-01
-3.278370336865875423e+00,4.888562900420629354e-01
-3.063194208702953780e+00,1.609988555490865503e-01
-3.452689458301608560e+00,3.569783674514499516e-01
-3.198870520859238731e+00,-7.202235404763637772e-02
-2.977184596215835644e+00,4.724991911227434116e-01
-3.054265929114987177e+00,5.340906707161323652e-01
-3.435860581707187666e+00,4.046309705464626871e-01
-3.488236545439782343e+00,-4.250786244215934429e-02
-3.586156877100693308e+00,4.582947079432872495e-01
-3.214636183794503221e+00,6.716564419763025873e-01
-3.356895202735606265e+00,1.212791875302692557e-01
-3.820178587532705894e+00,-1.849008388516885648e-01
-3.546358541214820637e+00,1.960377984965263332e-01
-2.917322019460179661e+00,-8.640285468915959166e-03
-3.499956316329663863e+00,5.778511456677434821e-02
-2.873119320952835398e+00,-1.342175667172015863e-01
-3.959680277316410812e+00,4.138668565958626422e-01
-3.936670860931536176e+00,3.549519189624337212e-01
-3.838692942518841189e+00,1.461611970869114985e-01
-3.327197565592286743e+00,-1.723055824364522204e-01
-3.274516087493863914e+00,2.091499082077149796e-01
-3.452279629658058457e+00,3.224057254886547597e-02
-3.670883608571612555e+00,1.732148839557302589e-01
-3.564553548844741737e+00,1.160446378176374777e-01
-3.691479597945409807e+00,6.282196030551685517e-01
-3.603801695075389500e+00,-2.714428029575388646e-03
-3.552738984023080526e+00,3.954056677538649867e-01
-4.034903121442445340e+00,4.883375693992698108e-01
-3.444723596244697372e+00,1.577103785270669856e-02
-3.591650521530233231e+00,6.101907131400298168e-01
-3.343449099428688509e+00,-9.287598934315977051e-02
-3.214511543923140646e+00,3.097386089332214709e-01
-3.870372568447253414e+00,3.208197209286136609e-01
-3.319856225920156945e+00,-3.346369932172890138e-01
-3.764631785137071862e+00,3.234406815198168639e-01
-3.394700319994514714e+00,2.529839677130046871e-02
-3.453935112170743338e+00,2.956938578700712972e-01
-3.626027522429056571e+00,4.041717780855999531e-02
-2.992314656146200402e+00,4.353416078505913389e-01
-3.385692621586436690e+00,2.609201281829721664e-01
-3.918367437652742424e+00,-1.771639486123542939e-01
-3.999158939237205779e+00,-1.263670500288831544e-01
-3.349546732913298186e+00,3.153328808106672376e-01
-3.721850485885180859e+00,-3.747406870142689916e-01
-3.596160294843804284e+00,-3.174789362930297565e-01
-3.363037746243518811e+00,3.763493421407790862e-01
-3.806706409705080230e+00,2.097858640729648450e-01
-3.388341221226295108e+00,-2.819879346817543153e-01
-2.947358776335840425e+00,4.235736153822570738e-01
-3.361837267520894290e+00,2.100069518593431217e-01
-3.384144652529307074e+00,2.852782249349784527e-01
-3.430912822796227335e+00,-4.374254778721855530e-01
-3.508215117808740402e+00,4.994072232172921399e-01
-3.243206241445163673e+00,3.147496704487128261e-01
-3.452988919291602343e+00,2.358480043178577401e-01
-3.490518974932932839e+00,1.859473599865850701e-01
-3.686658885557380305e+00,3.141917597662622352e-01
-3.206246669668120219e+00,2.739088828991176339e-01
-2.972452588631303350e+00,5.068563208844799606e-01
-3.346898072683757608e+00,2.380085243433901210e-01
-3.527933460663033483e+00,-1.233884586118030868e-01
-2.986646107092689739e+00,3.560767841413031709e-01
-3.806124115779028205e+00,9.864247610386817078e-03
-3.635888605383180483e+00,-9.847704896504694272e-02
-2.934738578989948277e+00,1.898493142350214380e-01
-3.252880460747913816e+00,3.131501496138421325e-01
-3.758885277348744669e+00,8.046040972549755033e-01
-3.647190375987754862e+00,5.039636813826845474e-01
-3.515240808794763083e+00,3.106271364945136781e-01
-3.283067337822857201e+00,-1.001206270472237980e-01
-3.465677084598734137e+00,-1.047266604066386386e-01
-3.855502960663498957e+00,5.565212214316728190e-01
-3.441779471465979068e+00,1.898262973216003624e-01
-3.515221872384230117e+00,3.060667909508313911e-01
-3.339950424931450002e+00,3.036503195368568386e-01
-3.627116810492866161e+00,-2.366888648103465664e-01
-3.511053871645165358e+00,5.273316299082673186e-01
-3.434514734264974667e+00,5.108617236633423708e-01
-3.326020406319780687e+00,-4.643455778947505608e-02
-3.511740495879160040e+00,4.320177841844930477e-01
-3.633395568564414813e+00,9.308416947058689717e-01
-4.444059684764887663e+00,1.311016612817432536e+00
-3.645613885933249865e+00,1.040575929589526494e+00
-3.948518972667902194e+00,7.701900879193912530e-01
-3.902228431854274149e+00,1.258623446417439729e+00
-3.914722474191350443e+00,9.558643805508126867e-01
-3.506473610197712532e+00,8.664170564663672414e-01
-3.509312701470136187e+00,1.072389999150828110e+00
-3.356903958270561539e+00,7.471604091354739907e-01
-3.860909469689519646e+00,9.060932065969548033e-01
-4.192629751011281769e+00,8.466673898826835298e-01
-3.787605421193371402e+00,1.244065297653905722e+00
-3.624117320483708937e+00,9.879248865177471250e-01
-3.483307771646945383e+00,1.131479477393119382e+00
-3.638174057219557334e+00,1.136397258361075302e+00
-3.776991976758213188e+00,6.608711393519828281e-01
-4.099105098926618673e+00,8.450903549309443097e-01
-3.705324278529451121e+00,1.016311497080908399e+00
-3.894299087530896930e+00,8.555449968967597796e-01
-3.455137309974677606e+00,8.120511938261889551e-01
-4.008335698531642066e+00,9.364331186524306183e-01
-3.672430152686226190e+00,8.698849882183931070e-01
-3.700586289721671029e+00,1.432520932627297627e+00
-4.005394811319725079e+00,1.219994587124849872e+00
-4.259623869201587532e+00,1.093491877624989117e+00
-2.952014260653910149e+00,1.092583876003214494e+00
-3.763626592833094087e+00,9.743518813752957142e-01
-3.758569103116125465e+00,1.001545998189719455e+00
-4.106839539824643559e+00,1.157422291437233408e+00
-4.016940895462095540e+00,1.336203543701039997e+00
-3.385383039510154290e+00,9.573631538137005181e-01
-3.699883048246896067e+00,1.172381535697534449e+00
-3.712193404449535716e+00,3.044573222403209600e-01
-3.969045253781642746e+00,1.707604432423687868e+00
-3.672739743562527970e+00,1.285448312323610454e+00
-3.534288738577882505e+00,1.168678466933544602e+00
-3.790936171909581098e+00,5.575684585355227263e-01
-4.473606767070503309e+00,1.084273406404792750e+00
-4.131892897627706951e+00,9.358278439309462016e-01
-3.883254796512367157e+00,1.044344969704361636e+00
-3.644760141760092775e+00,1.190636354501478866e+00
-3.660313009369858595e+00,9.092621944249805743e-01
-4.038783327327472250e+00,7.679065767523487462e-01
-3.452065223827703200e+00,6.076917008943352183e-01
-3.877569827604245400e+00,1.118799337867428356e+00
-3.140193621650378741e+00,7.622333225166011417e-01
-4.175437348497415435e+00,7.860382072270246656e-01
-3.315661198379106889e+00,9.475168713567325707e-01
-4.098206324065902351e+00,1.047006424485085851e+00
-3.905699119669074904e+00,4.336752727702618548e-01
-3.698100004282668163e+00,1.313162742483798828e+00
-4.360175692080504817e+00,8.867849387462051203e-01
-3.510243596984201631e+00,1.239863585099890475e+00
-4.041219920966241830e+00,8.396829113765706953e-01
-4.086218341297247925e+00,1.617087015354716772e+00
-3.991006023569649397e+00,1.125007782155675651e+00
-3.850743821695489455e+00,1.124109480781772641e+00
-3.746280072632279801e+00,1.335812209997935485e+00
-4.211202501427318445e+00,1.196725492412616276e+00
-3.607611535455303109e+00,9.810810750980046846e-01
-3.719499263432806568e+00,8.696977643850207773e-01
-4.088480468149188418e+00,1.172353598110678963e+00
-3.970934459558547402e+00,1.076159534243338989e+00
-3.790448121101756662e+00,6.122375727865742023e-01
-4.161238407116849558e+00,3.503608583805251087e-01
-4.156700188111017269e+00,1.455878044137645322e+00
-3.555998576769832997e+00,1.548394710556938225e+00
-4.178093622388487915e+00,8.181073560332696726e-02
-3.785397597736247288e+00,7.964833340609371870e-01
-3.357760023711800379e+00,1.003923310101480171e+00
-3.906863823455750673e+00,8.502146918084367844e-01
-4.204047061606402735e+00,1.178931979666963059e+00
-3.850636197519054615e+00,5.625313545030760087e-01
-3.861784366912801136e+00,1.303468903288516945e+00
-3.877508485978383046e+00,1.071475965873743608e+00
-3.615529524288103591e+00,1.066477845733222907e+00
-3.675341958873332260e+00,1.313292203374428757e+00
-3.694187333071717649e+00,1.126307137587972518e+00
-3.730333679632915622e+00,4.963219851781203174e-01
-3.946950108920176614e+00,7.432122336154024511e-01
-3.921876464774725513e+00,1.227037215784559043e+00
-3.634892067612034872e+00,1.026947136618490353e+00
-3.704644229364653985e+00,7.073784648407144271e-01
-3.569653128435716472e+00,8.659153643373223019e-01
-3.170297448426553366e+00,1.051006755295148976e+00
-3.688635499428997822e+00,1.180761599911007043e+00
-3.340758386951705461e+00,9.999506003865820114e-01
-3.426504771516830417e+00,9.099539719783368286e-01
-3.990116473109562634e+00,9.954781606816903716e-01
-3.648847994887571833e+00,6.040471515640466471e-01
-3.852908492360783033e+00,1.333984855111472578e+00
-3.450251790884297787e+00,1.128314907818183332e+00
-3.847508987138551717e+00,5.971414077049211899e-01
-4.256268201347202407e+00,1.085091547646002796e+00
-3.905312530467648813e+00,9.489465478589858005e-01
-3.500558979327762277e+00,7.148231048196589388e-01
-4.419462858994753773e+00,1.057393976334035424e+00
-4.463454404197364944e+00,1.168322435053252395e+00
-4.381592434432897143e+00,1.461189101429725579e+00
-3.973936468726683380e+00,1.098792587982268198e+00
-1.829016164669984290e+00,7.532880156501063906e-01
-1.148230720555788453e+00,6.837758865734048230e-01
-1.294633785113001645e+00,3.212810704103998272e-01
-1.227609438696929400e+00,7.881382425677293524e-01
-1.408237333901197541e+00,6.816591075848537074e-01
-1.494778055495111113e+00,8.005426442140809451e-01
-1.674785391243383659e+00,9.673983115113313769e-01
-1.858662387270698879e+00,9.689631057267613645e-01
-1.702866121018382639e+00,5.589938791521722461e-01
-1.637147598437294072e+00,9.449840990498012960e-01
-1.605481650983040742e+00,1.149169133879059501e+00
-1.368229665953359486e+00,7.413733207023842642e-02
-1.692541670704608814e+00,7.012291352383389631e-01
-1.846372271982944735e+00,1.398662804180854202e+00
-1.545032896605258443e+00,7.236548562295553877e-01
-1.408452396651981742e+00,4.493848615327127316e-01
-1.132413955786662596e+00,4.830710872676964862e-01
-1.637730268626812924e+00,6.849261222615312672e-01
-1.464717906072799947e+00,1.942792319891283315e-01
-1.723254556100708212e+00,5.303399307729541601e-01
-1.792777688600679431e+00,2.379585611060018868e-01
-1.236583346460689237e+00,7.782100516211465369e-01
-2.234047099098242839e+00,1.485493077828201169e+00
-1.144406708167443387e+00,8.635784834544845134e-01
-1.424661258529822616e+00,8.338811195340075644e-01
-1.564249496237915427e+00,1.223901648997254510e+00
-1.638550714660679253e+00,1.038560787607859304e+00
-1.461021499886033581e+00,6.872870372190957866e-01
-1.478123765309008686e+00,8.592548925298459928e-01
-1.350133391916741754e+00,7.337548094680623745e-01
-1.293831343870986750e+00,1.325159017590997745e+00
-1.806002456093080744e+00,7.781379615916114156e-01
-2.390689234433718724e+00,8.488439644640977111e-01
-1.629780624519634458e+00,1.207325800163771223e+00
-1.494613257599444189e+00,6.470107865033840611e-01
-1.593219719675929902e+00,7.525395240932630792e-01
-1.855488110728740647e+00,5.659281499557724526e-01
-1.689228505526875868e+00,7.832173115066639602e-01
-1.790513315051179610e+00,6.925165226500455962e-01
-1.243300991063380323e+00,7.685734267888486571e-01
-1.496316035340074846e+00,8.846568403936611036e-01
-1.826993248717089235e+00,1.080593313453756421e+00
-1.603416452796153191e+00,1.309273342477999647e+00
-1.736188243385574870e+00,1.202777852126343250e+00
-2.243812433803869411e+00,2.807628715201100356e-01
-1.757159150814764592e+00,5.917522596579336547e-01
-1.306520348199748938e+00,4.608913252016958451e-01
-1.405014877225580161e+00,7.117485599370544369e-01
-1.851627378978843996e+00,1.112655833790973325e+00
-1.540592014631988027e+00,5.430597023375178800e-01
-1.680799760897093043e+00,9.854097471210587766e-01
-1.820387772481457445e+00,8.771590433230695982e-01
-1.453949442450324092e+00,1.270438554123444863e+00
-1.407414884658409804e+00,7.079554463656352326e-01
-1.349343304106245256e+00,3.979287815238214399e-01
-1.453732855624735087e+00,8.449258778332636721e-01
-1.787879264958019299e+00,6.115939081935631849e-01
-1.358377904134384861e+00,9.397749059099405056e-01
-1.103155662128841419e+00,8.759692556571225808e-01
-1.580198418414303418e+00,1.047730432429035075e+00
-1.564294498237218889e+00,1.323337881069268640e+00
-1.643421734590290395e+00,8.124392615560841469e-01
-1.456082364393565198e+00,8.356744420445221255e-01
-1.891227133091797352e+00,8.853677974136932027e-01
-1.502580739473478477e+00,8.082477798832234939e-01
-1.626369625623947934e+00,1.031113760969804449e+00
-1.916906887057249653e+00,7.640373804028817162e-01
-1.004419788297955085e+00,9.848485561066495642e-01
-1.841073629705881176e+00,1.359376328406972867e+00
-1.935335783207956739e+00,6.400564516274747096e-01
-1.576728381408436519e+00,1.196474511536882002e+00
-1.274261290353729370e+00,1.007518448654735721e+00
-1.452925462315895366e+00,4.558254376678919639e-01
-1.343992265226686023e+00,1.373933101927576228e+00
-1.736884613943858069e+00,5.989092062621004242e-01
-1.208888380344478319e+00,7.516672210112157471e-01
-1.787249604233127842e+00,7.849509857767421606e-01
-1.170497799726655686e+00,6.261247429256783237e-01
-1.569000664461849937e+00,6.263358722225373931e-01
-1.542112033061390441e+00,6.414843981408975271e-01
-1.464990596756698515e+00,4.902408049315962191e-01
-1.686969360215694547e+00,6.560318553686472764e-01
-1.462635928106968741e+00,5.767155403573278605e-01
-1.446905809673683319e+00,4.548015042651278317e-01
-1.054630868851793801e+00,7.194732868192792452e-01
-1.846150037444982406e+00,8.643761557425547748e-01
-1.142031821481678477e+00,1.131597199564377876e+00
-1.159740650776141635e+00,5.457098554557264780e-01
-1.275535476357592346e+00,9.325301137442563171e-01
-1.410230201293502628e+00,5.911692657705358567e-01
-1.631354566276866924e+00,7.077730910894879379e-01
-1.649038650499611292e+00,9.555388115899756674e-01
-1.568650677479831446e+00,9.439969703973222215e-01
-1.574408630989893698e+00,3.786775096254250128e-01
-2.258991779035430802e+00,8.569110772313476287e-01
-1.714309278643858070e+00,8.446933051123938219e-01
-1.500847152983022292e+00,7.110046876203063304e-01
-1.503443093928729768e+00,8.199598395954945662e-01
-1.624618233927446198e+00,1.060605969035800955e+00
-1.463491196195845667e+00,9.901728016901585328e-01
-3.251190195989864251e-01,2.935041397081050274e+00
-4.174142646565652814e-01,2.922162079244551069e+00
-3.868092986450686888e-01,2.650808979775367114e+00
-6.421906267849185612e-01,3.299803783481485731e+00
-2.446086212738080023e-01,2.890308981524949417e+00
-2.082754941026215834e-02,2.587513273633133437e+00
-4.128811095032865475e-01,3.474360672695105734e+00
-5.079872374318710193e-01,3.625854052741702027e+00
-1.127024837866179574e+00,3.161550478606144132e+00
2.969908006065776762e-01,2.841765265080569147e+00
-1.954330645799580990e-01,2.718470920262364032e+00
-1.440140933355701924e-01,3.516739050918447074e+00
3.710920170820292130e-01,2.569927684267638401e+00
-3.512681026501642823e-01,2.851237318250160246e+00
3.668952949084036685e-02,3.467112639383537864e+00
-4.931134271721118179e-01,2.766290320759895671e+00
-1.996568210693888679e-02,2.900798132159013498e+00
-3.965517852635219165e-01,2.992292990016431009e+00
1.976543905175360827e-01,3.127201559268680153e+00
-7.157265449962947335e-01,3.221128322724236881e+00
-9.495666103442737538e-02,2.977763620107312104e+00
-6.362399008568926373e-01,2.470023744770883933e+00
-7.825371620925446470e-01,2.881477210397091149e+00
-5.482174351253690237e-01,2.692250488929149643e+00
-4.201577362451430209e-01,3.271439363201416484e+00
-2.448567671082592656e-01,3.475250268349526550e+00
-6.751341990220172118e-01,2.841822458525028683e+00
-1.646063257393382551e-01,3.146502064485315664e+00
1.215568001677629351e-01,3.030686501473620620e+00
4.554729790351891294e-02,3.106839234870375943e+00
5.866544926261185733e-02,3.184988778590778669e+00
2.885448104978649564e-02,3.068961094863442707e+00
-2.071968876090967970e-01,3.113499178612301854e+00
-7.380482818173252912e-01,2.791501251946699735e+00
5.843349733645236688e-02,2.463231816791233264e+00
-3.946725475389463722e-01,2.681960107839868712e+00
-1.694139764297584727e-01,2.568814694148123579e+00
-2.010427089634561071e-01,2.667098221119945656e+00
-5.047723242078137051e-01,2.556235334975645479e+00
-1.062924084234342925e-01,2.688180541659884515e+00
-4.198204202950399089e-01,2.773625211422729997e+00
-2.771105083254873369e-01,2.818233409176639892e+00
-9.185450394230693094e-02,2.753176977833844408e+00
-1.777736834670910759e-01,2.678134160915581319e+00
-4.747283955903756070e-01,3.260789617793929285e+00
-2.047425916421365955e-01,3.257017709086952095e+00
-1.339697755972333870e-01,2.969280213789978529e+00
-4.923107940069068600e-01,3.151644484077877895e+00
-3.633227479007540839e-01,2.797114586232906763e+00
-5.256554303403664363e-01,2.934502055342369520e+00
-3.835937463797277069e-01,2.540511163086890178e+00
-5.320893386537346448e-01,2.447764329985495202e+00
-3.753208440192272732e-01,3.133006946857011421e+00
-6.211719901814800604e-01,2.668634949986564919e+00
-2.054777520746148278e-02,3.020027607642776335e+00
-5.456772709422592627e-01,2.368917700466519616e+00
8.689816533711808288e-02,2.985036432054575251e+00
-3.646026862194918783e-01,2.996580825369612455e+00
-1.658821615243884773e-01,2.492566334659386929e+00
-5.690318099439677368e-01,3.563370442671780491e+00
-1.929719519319375853e-01,2.952456384549272617e+00
-6.011156584545237491e-01,3.376818539369386585e+00
-5.289164795696976729e-01,2.893549946589200506e+00
-4.123729080897955424e-01,2.954314716703565935e+00
-1.605562053941267942e-01,2.993356702266016356e+00
-4.581048470308031195e-01,2.838787819131532331e+00
-7.171741648023748361e-01,2.610829608317508654e+00
-5.454279325043328575e-01,2.826681946097948650e+00
-5.075388067327227803e-01,3.815558594475677356e+00
-6.780878820201192703e-01,3.141019704757198827e+00
-1.603106632339168502e-01,2.948331677732230371e+00
-4.714501890097275161e-01,2.889616283708100752e+00
5.884391827199147995e-02,2.977734877597084662e+00
-4.355538676533742826e-01,2.881942587072797934e+00
-5.002806206054430938e-01,3.433567395364118369e+00
-1.043204797766778824e-01,2.483487320705185741e+00
-4.638550722645470858e-01,2.694086976624888496e+00
-4.870555167064772872e-01,3.154071490330000671e+00
-1.149671718288801936e-01,3.064353720284229698e+00
-1.600750043089747277e-01,2.772879554456113560e+00
-4.758062338556460769e-01,2.696404139548005841e+00
-6.178426419322102792e-01,2.648223329949773497e+00
-4.964783767393028957e-01,2.741827510806490675e+00
-5.969819580421525940e-01,3.352904373660518189e+00
3.371171994955961537e-01,2.430960770963150885e+00
-1.747509042262306023e-01,3.018095495252886895e+00
-2.579201683864242867e-01,2.793882830513647164e+00
-3.171943269021159639e-01,3.249493247100639692e+00
-6.402459555418136272e-01,2.949759171249180856e+00
-2.924899180350690742e-01,3.110891571981019066e+00
-4.142456505971570668e-01,2.946382116433321041e+00
-8.823489818477625590e-01,2.829718237515047807e+00
-3.478940086046669045e-01,2.512248757228877416e+00
-6.113413032724993590e-01,3.543886483281194266e+00
-1.609954989962814609e-01,3.023390685217012042e+00
-3.856422225718886820e-01,2.751776830564971021e+00
-1.995388183502653512e-01,2.878453527303092674e+00
-3.163478954558074374e-01,2.721633376733728849e+00
-5.724168555099533595e-01,2.941284687033602019e+00
-1.182052567057941150e+00,3.065699570103608718e+00
